,1,2,3,4,5,6,7,8,9,10,11,12,13,14,15,16,17,18,19,20,21,22,23,24,25,26,27,28,29,30,31,32,33,34,35,36,37,38,39,40,41,42,43,44,45,46,47,48,49,50,51,52,53,54,55,56,57,58,59,60,61,62,63,64,65,66,67,68,69,70,71,72,73,74,75,76,77,78,79,80,81,82,83,84,85,86,87,88,89,90,91,92,93,94,95,96,97,98,99,100,101,102,103,104,105,106,107,108,109,110,111,112,113,114,115,116,117,118,119,120,121,122,123,124,125,126,127,128,129,130,131,132,133,134,135,136,137,138,139,140,141,142,143,144,145,146,147,148,149,150
1,1,1,0,1,1,1,1,1,0,1,1,1,0,0,0,1,1,0,0,1,0,1,1,0,0,1,0,1,0,0,1,0,0,0,0,0,0,0,0,0,1,1,0,1,1,0,0,1,0,0,1,1,1,0,1,1,1,0,1,1,0,1,1,0,1,0,1,1,1,1,0,1,0,1,1,1,0,0,0,1,0,0,1,0,1,1,0,0,0,0,1,0,1,0,0,0,1,0,1,0,0,0,0,0,1,1,0,0,0,1,0,1,0,0,0,0,1,1,1,0,1,0,1,0,1,1,1,0,0,1,0,0,1,0,0,0,0,0,0,1,0,1,1,0,1,1,1,0,1,0
2,1,1,1,1,0,1,0,1,0,1,1,0,0,1,0,1,0,1,0,0,0,1,1,1,0,0,0,1,0,0,0,1,0,0,0,1,1,1,0,0,0,1,1,0,1,1,0,0,1,1,1,1,0,1,0,0,0,1,0,1,0,1,1,0,0,0,0,1,1,0,0,0,0,1,0,1,0,1,0,0,0,0,0,0,0,0,1,0,0,1,0,0,1,1,0,1,0,0,1,1,0,1,0,0,0,0,0,0,0,0,0,1,0,0,1,0,0,0,0,1,0,0,1,0,0,0,0,1,0,0,1,1,1,0,0,1,0,0,1,1,0,1,0,1,0,1,0,0,0,0
3,0,0,0,1,1,1,0,0,1,1,0,1,0,1,1,0,0,1,1,0,1,1,0,0,1,1,1,1,0,0,1,1,0,1,1,0,0,1,0,0,1,0,0,1,1,0,0,0,0,0,1,0,1,1,0,1,1,0,0,1,1,1,1,0,1,1,1,1,0,0,1,1,0,0,0,0,0,1,0,1,0,0,1,1,0,1,1,0,1,1,1,1,1,0,0,1,1,0,1,0,0,0,1,0,1,0,0,1,0,1,0,0,0,0,1,0,1,0,1,0,0,0,1,0,0,0,1,1,1,0,0,1,0,0,1,1,0,1,0,0,0,1,1,1,0,0,0,0,0,1
4,0,1,0,1,0,0,1,1,0,1,0,1,0,0,1,0,1,1,1,0,1,1,0,1,0,1,0,0,1,0,0,1,0,0,0,0,0,1,0,1,0,0,1,1,1,1,0,1,0,0,1,0,0,0,1,0,0,1,1,0,1,1,0,1,1,0,0,0,1,1,0,0,0,0,0,1,0,1,0,0,0,1,0,0,1,0,1,0,1,1,0,0,0,0,1,0,1,1,1,0,0,0,0,0,1,0,1,0,1,0,0,1,1,0,0,1,0,0,0,0,1,1,1,1,0,1,1,0,0,0,0,0,0,1,1,0,0,1,0,1,0,0,1,1,1,1,0,1,0,1
5,0,1,0,0,0,1,1,0,0,1,0,1,1,1,0,1,1,1,1,0,0,1,0,1,1,0,0,0,0,1,1,1,0,1,1,0,1,0,0,1,1,1,1,1,0,0,1,1,0,1,0,0,1,1,1,1,0,0,0,0,0,1,0,1,0,1,0,1,1,1,1,1,1,0,1,0,1,1,1,0,1,1,1,0,0,1,1,0,1,1,0,1,1,1,1,0,1,1,0,0,0,1,0,0,0,0,0,0,0,0,0,1,1,0,1,1,0,0,1,0,0,1,1,0,1,1,0,0,0,1,1,1,0,1,1,0,0,1,0,0,1,0,0,1,1,1,0,0,1,0
6,0,1,1,0,0,0,0,1,0,1,0,0,0,0,1,0,0,1,1,0,0,0,1,1,0,0,0,1,1,0,0,0,1,0,0,0,0,0,0,1,1,1,0,0,0,1,0,0,1,0,1,0,0,0,1,1,0,0,0,0,0,1,0,1,1,0,1,0,1,1,0,1,0,0,1,1,1,1,0,0,1,0,1,0,0,1,0,1,0,1,0,0,1,1,1,0,1,1,1,0,0,0,1,1,0,1,1,1,1,1,1,1,1,0,1,1,0,0,0,0,0,1,0,1,0,0,1,1,0,0,0,0,0,1,1,0,0,1,1,0,0,1,1,1,0,0,1,1,0,0
7,0,1,0,1,1,1,0,0,1,1,0,0,0,0,1,1,0,1,1,1,0,1,1,1,0,1,0,0,1,0,0,0,0,1,1,1,1,0,0,1,0,0,0,0,0,1,0,1,1,1,1,1,0,0,1,0,1,1,0,0,1,0,1,1,0,1,0,1,1,1,0,0,0,0,1,0,1,0,0,0,1,0,0,0,1,1,1,0,1,0,0,0,1,0,1,0,1,1,1,1,1,1,0,0,0,1,1,0,1,1,0,1,1,1,1,0,0,0,0,0,0,0,0,1,0,0,1,1,1,0,1,1,0,1,1,1,0,0,0,0,0,1,0,0,1,0,0,0,0,0
8,0,1,0,1,0,0,0,0,0,0,0,1,0,1,0,1,1,0,1,0,1,0,0,0,0,0,0,0,0,0,1,1,0,1,0,1,1,1,0,1,1,1,1,0,1,1,0,1,1,0,0,0,1,1,1,0,0,0,0,0,1,1,1,0,0,1,1,0,1,0,1,0,1,1,0,1,1,0,1,0,0,1,0,0,1,1,1,1,0,1,0,0,1,0,0,0,0,0,1,1,0,0,0,0,0,1,0,1,0,1,0,1,1,0,1,0,0,0,0,0,0,0,0,1,0,0,1,1,0,1,1,1,1,1,1,0,1,1,0,0,0,0,1,0,0,1,1,0,0,0
9,0,1,1,0,0,1,0,1,0,1,0,1,1,0,0,0,1,1,1,0,0,1,1,1,1,0,0,0,0,1,0,1,0,0,1,0,0,1,0,1,1,0,0,1,0,1,1,0,1,0,0,0,0,0,1,1,0,0,0,0,1,0,1,0,1,0,0,1,0,1,1,1,0,1,1,1,0,1,0,0,1,1,0,0,1,1,0,0,0,0,1,0,1,0,0,1,1,0,1,0,1,1,0,1,0,0,1,1,1,0,0,0,0,0,0,0,0,0,1,0,1,0,1,1,1,1,1,0,1,0,0,1,1,0,1,0,0,1,1,0,0,1,1,0,1,0,0,1,1,1
10,0,1,0,1,0,1,0,1,1,0,0,0,1,0,0,1,1,0,0,0,0,0,1,0,0,0,1,1,1,0,0,1,0,1,1,0,0,0,0,0,1,1,0,1,0,1,0,1,1,0,1,1,0,0,0,0,1,1,0,0,1,1,1,0,0,1,0,1,0,0,1,0,0,1,0,1,0,1,1,0,0,1,1,0,1,1,1,0,1,1,1,1,1,0,1,0,0,1,1,0,0,1,0,0,0,0,1,1,0,0,1,1,1,1,1,0,0,0,0,1,0,0,1,0,1,0,0,0,1,0,0,0,1,0,1,0,1,0,1,0,0,1,1,0,1,0,0,0,1,1
11,1,0,0,1,0,0,0,1,0,0,1,1,0,0,1,0,0,1,1,0,1,0,1,1,0,0,0,1,0,1,1,1,0,0,0,0,0,0,0,0,0,0,0,1,1,1,0,1,0,0,1,1,1,1,0,0,1,1,0,1,0,0,1,1,1,1,0,1,1,1,0,0,1,0,0,0,0,1,0,0,0,1,1,0,0,0,1,0,1,0,0,0,1,0,0,0,0,0,1,0,0,0,0,0,0,0,1,0,1,1,0,1,1,1,0,0,1,0,1,1,0,0,0,1,1,0,0,0,1,0,0,1,1,1,1,1,1,0,0,0,0,1,1,1,0,1,1,0,0,0
12,1,0,0,1,0,0,0,1,0,1,0,1,1,1,0,0,1,0,0,1,1,1,0,1,0,0,0,0,0,0,1,1,0,1,0,0,0,0,0,0,1,1,1,0,1,1,0,0,0,0,0,0,0,1,1,1,0,0,1,0,0,0,1,0,1,0,0,1,1,0,0,1,0,0,0,0,0,1,0,0,0,1,1,0,0,1,0,1,1,0,0,1,0,1,0,0,0,1,1,0,0,1,0,0,0,0,0,0,0,1,0,1,1,1,0,0,0,0,0,1,1,0,1,0,1,0,1,0,1,0,0,0,1,1,1,1,1,1,1,1,0,1,0,1,0,0,1,0,0,0
13,0,1,0,1,0,1,0,1,0,1,0,1,0,0,0,0,1,0,0,1,0,1,1,0,0,1,1,1,0,0,0,1,0,0,0,1,1,0,0,1,0,0,1,1,0,0,0,0,0,0,1,1,0,0,1,1,0,1,0,0,0,1,1,1,0,0,0,0,0,1,0,0,0,1,1,0,1,1,1,0,0,1,0,0,1,1,1,0,0,1,1,0,1,0,0,1,1,0,1,0,0,1,1,0,0,1,0,1,0,1,1,1,0,1,0,0,0,0,1,1,1,0,0,0,1,0,1,1,0,1,0,1,1,0,0,1,0,0,1,0,0,1,1,1,0,0,0,0,0,0
14,0,1,0,0,1,1,0,1,0,1,0,0,0,1,0,0,1,1,0,1,0,0,1,1,0,1,0,1,0,0,1,0,0,0,1,0,1,0,1,0,0,0,0,0,0,1,1,0,0,0,0,0,0,0,1,1,0,1,0,0,1,1,1,0,0,0,0,1,1,0,1,1,0,1,1,1,0,0,1,0,1,1,0,0,1,1,1,0,0,1,1,0,0,0,0,1,1,0,0,0,0,0,0,0,0,0,1,1,0,1,0,0,1,0,1,1,0,0,1,0,0,1,1,0,1,1,0,0,0,0,0,1,1,1,0,0,1,1,1,1,0,1,1,1,0,1,0,0,1,1
15,1,1,1,1,0,1,1,0,1,0,0,1,0,1,1,0,0,1,1,1,0,1,1,0,1,1,0,1,0,0,0,1,1,0,1,1,0,1,0,0,1,1,0,0,0,0,0,1,0,0,1,0,0,0,0,0,1,1,0,0,1,1,0,0,0,1,1,1,1,0,0,1,0,1,0,1,1,0,0,0,1,0,1,0,0,1,0,0,0,1,0,1,0,1,0,0,1,1,0,1,0,0,0,1,0,0,0,0,1,0,1,0,1,0,1,1,0,0,0,1,0,0,1,1,0,0,0,1,1,0,1,1,0,1,0,0,0,0,1,1,1,0,1,1,1,0,1,0,1,0
16,1,1,0,1,0,0,1,1,0,0,0,0,0,1,0,0,0,1,0,0,0,0,1,1,1,0,0,1,1,0,0,0,1,1,0,0,0,0,1,0,1,1,1,0,1,0,0,1,1,0,0,0,0,1,1,1,0,0,0,0,1,0,0,0,1,0,0,0,1,0,1,1,0,0,0,1,1,0,0,0,0,0,1,0,1,1,0,0,0,1,1,0,0,1,0,0,1,0,0,0,0,0,0,0,1,1,1,0,0,0,0,1,1,0,1,0,1,0,0,0,1,0,1,0,1,0,0,1,1,1,0,1,0,1,1,0,0,0,0,0,0,1,0,1,0,1,1,1,1,1
17,0,0,0,1,1,0,1,1,0,1,1,1,1,1,0,1,1,0,0,0,1,0,1,0,1,0,0,0,0,0,1,0,0,1,1,1,0,0,0,1,0,0,1,0,0,0,0,1,0,0,1,1,0,1,0,0,0,1,0,1,0,1,0,0,1,1,0,0,1,1,0,1,1,0,0,0,1,1,0,1,1,1,0,0,0,0,0,1,1,0,0,1,1,0,0,0,1,0,0,0,0,1,0,0,0,1,0,0,1,1,0,0,1,0,0,0,0,0,0,1,1,0,1,0,0,1,0,0,1,0,1,1,1,0,1,1,0,0,1,1,0,1,0,1,1,0,0,1,1,0
18,1,1,0,0,0,1,0,0,0,0,0,1,0,0,0,1,0,0,0,1,1,0,0,0,1,1,0,0,1,1,0,0,0,1,0,0,0,0,0,0,0,1,0,1,1,0,0,1,0,0,0,0,1,1,0,1,1,1,0,1,1,1,1,0,0,1,0,1,1,0,0,0,0,1,0,1,0,0,0,0,0,1,1,1,0,0,1,0,0,1,1,1,0,1,1,0,1,0,1,0,0,0,0,0,0,0,1,1,1,1,0,1,1,1,0,0,1,0,0,0,1,0,0,0,1,1,0,1,1,0,1,0,1,1,1,1,0,0,0,0,0,1,1,0,1,1,0,0,0,1
19,0,0,0,1,0,1,0,0,0,1,1,1,0,1,0,0,0,0,1,1,0,1,1,0,0,0,0,0,0,0,1,1,0,1,0,1,1,1,0,1,0,1,0,1,1,1,0,1,1,0,1,1,0,1,0,1,0,1,1,1,1,1,0,0,0,0,0,1,1,0,0,0,0,0,0,1,0,1,0,0,1,1,1,0,0,1,0,1,1,0,0,1,1,0,1,0,1,0,0,0,0,0,0,0,0,0,0,1,0,0,1,0,0,0,0,0,1,1,0,0,0,0,0,1,1,0,1,0,1,0,1,1,1,1,1,0,0,1,0,1,1,1,0,0,1,0,1,1,0,0
20,0,0,0,1,0,0,0,0,1,0,0,1,0,0,0,0,1,1,1,0,0,0,0,1,0,1,1,0,0,0,0,1,1,1,1,0,0,0,1,0,0,0,0,0,0,0,0,1,0,0,1,0,0,1,0,0,1,0,1,0,0,1,0,0,1,1,0,0,1,0,1,1,0,0,1,1,0,1,0,0,1,1,1,0,1,0,0,0,0,1,0,1,1,0,1,0,1,0,0,0,0,0,0,0,0,0,0,0,1,1,0,0,1,0,1,0,1,1,0,1,1,1,1,0,1,0,1,0,1,1,0,0,1,1,1,1,0,0,1,1,1,0,1,0,1,1,0,0,0,0
21,0,1,0,1,0,0,0,1,0,1,0,0,1,0,1,1,1,0,1,1,0,1,1,0,0,1,0,1,0,0,0,0,0,1,0,1,0,0,0,0,1,1,0,0,1,1,0,0,0,0,1,1,0,0,1,1,1,1,1,0,1,1,0,0,0,0,0,0,1,1,0,1,0,1,1,0,0,1,1,0,1,1,1,1,0,0,0,0,1,1,0,0,0,0,0,0,1,0,1,1,0,0,1,0,0,0,1,0,0,0,1,1,1,0,1,1,0,0,0,0,0,1,1,1,1,1,0,0,1,1,0,1,1,1,0,1,1,1,0,1,0,0,0,0,1,0,1,0,0,0
22,0,1,1,1,1,0,0,0,0,0,0,1,0,1,1,0,0,0,1,1,1,0,1,1,0,0,1,0,0,1,0,1,0,0,1,1,0,0,0,1,1,0,0,0,1,1,1,1,1,0,1,0,0,1,1,0,1,0,0,1,1,1,1,1,0,0,0,1,1,1,1,1,0,1,1,0,0,1,0,0,1,0,1,0,0,1,1,0,0,0,1,0,0,1,1,0,0,0,1,1,1,1,1,0,0,1,0,0,1,0,0,0,0,1,1,0,1,0,1,0,0,1,1,1,0,0,0,0,1,0,0,1,1,1,1,1,0,0,0,1,1,1,0,0,1,0,0,0,1,1
23,0,1,1,0,0,1,1,1,0,1,0,1,0,1,0,1,0,1,1,0,0,1,0,0,1,0,0,1,0,1,1,0,1,1,1,0,1,0,0,0,0,1,1,1,0,1,0,0,1,0,0,1,0,0,0,0,1,1,0,0,1,1,0,0,1,1,1,1,1,0,0,1,1,1,1,0,0,1,1,1,0,1,1,0,0,1,0,0,0,0,1,0,1,0,1,1,1,0,1,0,0,1,0,0,0,1,0,1,0,1,1,1,0,0,1,0,0,0,1,1,0,1,0,0,1,1,1,0,0,0,0,0,0,1,0,1,0,0,1,1,0,0,1,1,0,0,0,0,1,0
24,0,0,1,0,0,1,0,1,0,1,1,1,0,0,1,1,0,1,1,1,0,1,0,1,0,1,1,0,0,0,1,1,1,1,0,0,0,0,1,0,0,0,0,1,1,1,0,0,0,0,1,0,1,1,0,1,0,1,0,0,1,1,0,0,0,0,1,1,0,0,0,1,0,0,1,1,1,1,0,0,0,1,1,0,0,1,1,0,1,0,1,0,1,0,0,0,0,0,0,1,0,1,0,0,0,0,1,1,0,0,1,0,0,1,0,0,1,1,0,0,0,1,1,0,1,0,0,1,1,0,0,0,1,0,1,1,0,1,1,0,0,0,0,1,0,0,1,0,1,1
25,0,0,1,1,1,1,0,0,1,1,0,0,0,0,1,1,0,1,1,1,1,1,1,1,0,0,0,0,0,1,0,0,0,0,1,1,1,0,0,0,1,1,0,1,0,1,1,1,0,1,1,1,0,0,0,1,0,1,1,0,1,0,1,1,0,0,0,1,1,1,0,1,1,1,0,1,1,1,0,1,0,0,0,0,0,0,1,0,0,0,0,0,1,0,1,0,1,0,0,0,1,0,0,1,1,0,0,0,1,1,0,0,1,0,1,0,1,1,0,1,0,1,1,0,0,0,1,1,0,0,1,0,1,1,1,1,1,0,0,1,0,1,0,1,1,0,1,0,0,0
26,0,1,1,0,0,0,0,1,0,0,1,1,0,1,0,0,1,1,1,0,1,0,0,0,1,0,0,1,0,0,0,0,0,1,1,0,0,0,0,0,0,1,1,0,0,1,0,0,1,0,1,1,0,1,1,1,1,1,0,0,1,1,1,0,1,0,0,1,0,1,0,1,1,0,1,0,0,1,0,0,1,1,1,0,0,0,0,1,1,0,1,0,1,1,1,1,1,0,0,0,0,0,1,1,1,0,1,0,1,1,1,0,1,1,0,0,1,1,1,0,1,1,1,0,1,0,0,0,0,0,0,1,0,1,1,1,0,0,0,0,0,1,0,0,0,0,0,0,0,0
27,1,1,0,1,1,1,1,0,1,1,0,0,1,1,0,0,0,1,1,0,1,0,1,1,0,0,0,1,1,0,1,0,0,1,0,1,0,0,0,0,0,0,0,1,1,1,1,1,0,0,0,0,0,0,1,1,1,1,0,0,1,0,0,0,0,0,1,1,0,1,0,1,0,0,0,0,0,1,0,0,0,1,1,0,0,0,0,1,1,0,0,1,1,0,0,0,1,0,1,1,0,1,0,1,0,1,0,1,0,1,1,1,0,1,1,0,1,0,0,0,0,0,0,0,0,1,1,0,1,1,1,1,1,0,0,1,0,1,0,1,0,0,1,0,0,1,1,0,1,0
28,1,0,0,1,0,1,0,1,0,0,0,0,0,1,1,0,1,1,0,0,1,1,0,1,0,0,0,1,0,0,1,0,0,0,0,0,0,0,1,0,1,1,1,0,1,0,1,1,1,1,1,1,0,1,0,1,0,1,0,0,0,1,1,0,0,0,0,1,0,0,1,0,0,0,1,1,0,1,0,1,1,0,1,0,0,1,1,1,0,0,0,0,0,0,1,1,1,0,1,1,0,1,0,0,0,0,0,0,1,0,1,1,1,0,1,0,1,1,1,0,1,0,1,0,0,0,1,0,1,0,0,0,1,1,0,1,1,0,0,0,0,1,0,1,0,1,0,1,1,1
29,0,1,0,1,0,0,0,1,1,0,1,1,0,0,0,1,0,1,0,1,0,1,1,0,1,1,0,0,0,1,0,1,0,1,0,0,0,1,0,1,0,1,0,1,0,0,0,1,0,0,1,0,0,0,1,1,0,0,0,1,0,0,1,1,1,0,1,1,1,1,1,1,0,0,0,0,0,1,0,0,1,0,1,0,0,0,1,0,0,0,1,1,0,0,0,1,1,0,1,0,0,0,0,0,0,0,1,0,1,1,0,0,1,1,1,0,1,0,0,0,1,1,1,0,0,0,1,0,1,0,1,0,1,0,0,1,0,1,1,1,1,1,1,0,0,1,0,0,1,1
30,0,1,0,1,0,1,0,1,0,1,0,0,0,0,0,0,0,0,0,0,0,0,1,1,1,1,1,1,0,0,1,1,0,1,0,0,0,0,0,0,0,1,1,1,1,1,1,0,0,0,1,1,0,1,1,1,0,0,1,0,0,1,1,0,0,1,0,1,1,1,0,1,0,0,1,0,0,0,1,0,0,1,0,0,0,0,0,1,1,1,1,1,1,0,1,1,0,0,0,1,0,0,0,0,0,1,0,1,1,1,1,1,1,0,0,0,0,0,0,1,0,0,0,1,1,1,1,0,1,1,0,0,1,0,1,1,0,1,1,0,0,1,0,1,0,0,0,0,1,0
31,0,1,0,1,0,1,0,1,1,1,0,0,0,1,1,1,0,1,1,1,1,0,1,1,0,0,0,0,1,0,1,1,0,0,1,1,1,0,0,0,0,0,0,0,1,0,1,1,1,0,1,1,1,0,1,1,0,1,1,0,0,1,0,0,1,0,1,1,1,0,1,0,0,1,0,0,1,0,1,0,1,1,1,0,0,1,1,1,1,0,1,0,0,0,1,1,0,0,1,1,0,1,0,1,0,0,1,0,1,1,1,0,0,1,1,0,0,0,0,1,0,0,1,0,0,0,0,0,1,0,1,0,1,1,1,1,1,1,0,1,0,1,0,1,1,1,0,0,0,0
32,1,1,0,1,0,1,1,0,0,0,0,0,0,0,0,1,0,0,1,1,0,1,0,1,1,1,0,1,0,1,0,1,1,0,1,1,0,0,1,0,1,1,0,0,1,1,0,0,0,0,1,0,0,0,1,1,1,1,0,0,0,1,1,0,1,1,0,1,1,1,0,0,0,1,0,1,0,0,1,1,0,1,1,1,0,1,0,0,1,0,0,1,0,1,1,0,0,0,0,0,0,0,0,1,0,1,0,1,1,0,1,1,1,0,0,0,1,0,0,1,1,0,0,0,1,0,1,1,1,0,0,1,1,0,1,1,0,1,0,1,0,1,0,0,0,1,0,0,0,0
33,0,1,1,0,0,0,0,1,0,1,1,1,0,1,1,1,1,1,1,1,1,1,1,1,1,1,0,1,0,0,0,0,0,0,0,0,0,0,0,0,0,0,1,1,0,0,1,1,1,0,1,1,1,1,1,0,0,0,1,0,1,1,1,1,0,0,0,1,0,0,1,0,1,0,1,0,1,1,1,0,1,0,0,1,0,1,1,0,0,0,0,1,0,1,1,0,1,0,1,0,0,1,1,1,1,1,0,1,0,0,1,1,1,0,1,1,0,0,0,1,0,1,1,1,1,0,1,0,0,0,0,1,0,1,1,1,0,0,0,0,0,1,1,0,0,1,1,0,1,0
34,1,1,0,1,0,1,0,1,0,1,0,0,1,1,1,0,1,1,1,0,1,0,1,1,0,0,1,0,0,0,0,1,1,1,1,0,0,1,0,0,1,0,0,1,1,0,0,1,1,1,1,0,1,1,1,0,1,1,1,1,1,1,0,1,0,1,0,0,1,1,0,0,1,0,1,1,0,0,1,0,0,1,1,0,0,1,1,0,1,1,0,1,1,1,1,0,1,1,0,0,0,1,1,0,1,1,0,0,0,1,0,1,0,0,0,0,0,0,0,0,0,0,1,0,0,0,0,0,1,0,1,1,0,1,1,0,0,1,0,0,0,0,0,1,0,0,1,0,0,0
35,1,1,0,1,0,1,0,1,0,1,1,0,0,0,0,1,0,0,1,1,0,0,1,1,1,1,1,1,1,1,1,1,0,1,1,1,1,0,1,0,0,1,0,1,1,1,0,0,0,0,1,0,0,1,1,1,0,0,1,1,1,0,1,0,0,1,0,1,0,0,1,1,0,0,1,1,0,1,0,0,0,1,1,1,0,0,1,0,1,0,0,0,1,1,1,0,1,0,1,0,0,0,1,0,1,1,0,0,1,1,1,0,1,1,0,1,1,1,0,0,1,1,1,1,0,0,1,1,0,0,0,1,0,0,1,1,0,0,1,0,0,1,1,1,0,0,0,0,1,0
36,0,1,0,1,0,0,0,1,1,1,0,1,0,1,0,0,1,0,1,0,0,1,0,1,1,0,0,0,1,1,0,1,0,1,0,0,0,0,0,1,0,1,1,0,1,0,1,1,0,1,0,0,0,1,1,0,1,1,0,1,0,0,1,0,0,0,0,1,1,0,0,1,1,0,1,1,0,1,1,0,0,0,1,0,1,1,0,0,0,1,1,0,0,1,0,0,0,1,0,0,0,1,0,0,0,0,1,1,1,0,0,0,1,0,1,0,1,0,0,1,1,0,0,0,1,0,1,0,0,0,1,1,1,0,0,1,0,0,0,0,0,1,0,0,0,1,0,0,0,0
37,0,1,0,1,0,0,0,1,0,1,0,0,0,1,0,1,0,1,1,0,0,1,1,1,0,0,0,1,1,0,1,1,0,0,0,0,0,0,0,0,1,1,0,1,0,0,1,1,1,0,0,1,0,1,0,0,0,1,1,0,0,1,0,0,0,0,1,0,1,1,0,1,0,0,1,0,0,0,0,0,1,0,1,0,1,0,1,0,1,0,1,1,1,0,0,1,0,1,1,0,0,1,1,0,0,0,1,0,0,0,1,1,0,0,0,0,1,0,0,0,0,0,0,0,1,0,1,1,1,0,0,1,0,0,0,1,0,0,1,0,1,1,1,1,0,0,0,0,0,0
38,0,1,1,0,0,1,0,1,0,0,0,1,1,0,0,0,1,0,1,0,0,0,0,0,1,0,0,0,0,0,1,1,0,0,0,0,0,0,0,1,1,1,0,1,1,0,0,0,1,0,0,1,0,0,1,0,1,1,1,0,0,0,1,0,0,0,1,1,1,1,1,0,0,0,0,0,1,1,0,0,1,1,0,0,0,0,1,0,0,1,0,0,1,0,1,0,1,1,1,1,0,0,1,1,0,1,1,1,1,0,1,1,1,0,1,0,1,0,0,1,0,1,1,0,0,0,0,1,1,0,1,1,0,1,1,0,1,1,0,1,0,0,1,0,0,0,1,1,0,0
39,0,1,0,1,1,0,0,1,0,1,0,0,1,1,0,0,1,1,0,1,1,1,1,0,0,0,0,0,0,1,1,0,1,1,0,1,0,0,0,1,0,1,1,0,1,0,0,1,0,0,0,0,0,0,1,0,0,0,1,1,1,1,0,0,0,0,0,1,0,0,1,1,0,0,0,0,1,0,0,0,0,1,1,1,1,1,1,0,0,0,1,1,0,0,0,1,1,0,1,0,1,1,1,0,1,0,1,1,0,1,0,1,1,0,0,0,0,0,1,1,0,1,0,1,1,0,1,1,1,1,0,0,0,1,1,1,1,0,0,1,0,1,1,0,0,0,0,0,1,1
40,0,0,0,0,1,1,0,1,1,0,1,0,1,1,1,0,0,1,1,0,0,0,1,0,1,1,0,1,0,1,1,1,1,1,0,0,1,0,1,0,1,1,1,1,1,1,0,0,0,0,1,0,0,0,1,1,1,1,0,0,1,1,1,0,0,1,0,1,1,1,0,1,0,1,1,1,0,1,0,0,1,1,1,1,0,0,0,1,0,0,1,0,1,1,1,1,0,0,1,0,1,0,1,0,0,1,1,0,1,1,0,0,0,0,0,0,1,0,1,0,0,1,1,0,0,0,0,0,0,0,0,1,1,1,0,1,0,1,0,0,1,0,1,0,1,0,1,0,0,0
41,0,1,0,0,0,1,1,0,0,1,0,1,1,0,0,0,0,1,0,0,0,0,1,0,0,0,1,0,1,1,0,1,0,0,1,1,0,1,1,0,0,1,1,1,1,0,1,0,1,0,1,0,0,0,0,1,0,1,1,1,1,1,0,0,0,1,0,1,0,0,0,1,0,1,1,1,0,1,1,0,0,0,1,1,1,0,1,0,0,1,1,1,1,1,1,0,0,1,1,0,1,1,0,0,0,0,0,0,0,0,0,1,0,1,0,0,0,1,0,1,0,0,0,0,0,1,0,1,1,0,1,1,1,0,0,1,0,0,0,1,0,1,1,1,0,0,0,0,1,0
42,0,1,1,1,0,0,0,0,0,0,0,0,0,0,0,1,1,0,1,0,0,0,1,0,1,0,0,0,0,1,0,1,1,0,0,1,1,0,1,1,1,1,0,0,0,1,0,1,1,0,0,1,0,0,1,1,0,1,0,0,0,0,1,0,0,1,1,0,1,0,0,0,0,1,1,1,0,0,0,0,0,0,1,0,0,1,0,0,0,0,1,1,0,0,0,1,1,1,1,1,0,0,0,0,1,1,0,1,1,0,0,1,1,1,1,0,0,0,0,1,0,1,0,1,0,0,0,1,1,0,1,1,0,0,1,1,1,0,0,0,0,0,0,0,0,0,0,1,0,1
43,1,0,0,0,0,1,0,1,0,1,0,0,1,1,0,1,1,1,1,1,1,1,1,1,0,1,0,1,0,0,1,0,1,0,0,0,0,1,0,0,1,1,1,1,1,1,1,0,0,0,0,0,0,0,1,1,0,0,0,0,0,1,1,0,1,1,1,0,1,0,1,0,0,0,1,1,0,1,0,1,0,1,0,0,1,1,0,0,0,1,0,0,1,0,0,1,1,0,1,1,1,0,0,1,1,0,1,0,1,0,1,1,0,0,0,0,1,0,1,1,1,1,1,1,0,1,1,0,0,1,0,1,1,0,0,1,0,0,0,0,1,0,0,1,0,0,1,1,1,0
44,0,0,1,0,0,0,0,1,1,1,0,1,0,0,0,0,0,1,0,0,1,0,1,0,0,1,1,0,0,0,0,0,0,0,1,0,1,1,0,0,1,1,1,0,1,1,0,0,1,0,1,0,0,0,1,1,0,1,0,1,1,1,1,0,0,0,0,0,0,0,1,1,1,0,1,0,0,0,0,0,0,1,0,0,1,0,1,0,0,1,1,0,1,0,1,0,1,0,1,0,1,0,1,1,0,0,1,1,0,1,1,1,1,0,1,1,1,0,0,0,1,0,0,1,0,1,0,1,1,0,0,0,0,0,1,1,0,0,1,0,0,1,0,1,0,0,0,0,0,0
45,0,0,0,1,0,0,1,1,1,1,0,1,0,0,0,0,1,0,1,0,0,0,1,0,1,1,0,1,0,1,0,0,0,0,0,1,0,0,1,1,0,1,1,1,1,1,1,0,1,1,1,1,0,1,1,1,0,1,0,1,1,0,0,0,0,0,1,0,0,1,1,1,0,1,0,0,1,0,0,1,0,0,1,1,1,0,0,0,1,1,0,1,1,0,0,1,1,0,1,0,0,1,1,1,1,0,0,0,0,1,0,1,0,0,1,0,0,0,0,0,0,1,0,0,1,0,1,1,1,0,1,0,1,0,1,1,0,1,0,1,0,1,0,1,0,0,0,0,0,0
46,0,1,1,0,0,1,0,1,1,1,1,0,0,0,0,1,0,1,1,1,1,0,0,0,1,1,1,0,0,0,1,1,0,1,1,1,0,0,0,0,1,1,0,0,1,0,1,1,0,0,1,0,0,1,1,1,0,0,1,1,0,0,1,1,0,0,0,0,1,0,1,1,0,1,1,1,0,0,1,1,1,1,0,0,1,0,0,0,0,1,1,1,1,0,1,1,0,0,1,0,0,0,0,0,1,1,1,0,1,0,1,1,1,0,0,0,1,0,0,1,0,0,1,0,1,0,1,1,1,1,0,1,0,1,0,1,1,1,0,1,0,1,1,1,0,0,0,0,0,0
47,1,0,0,1,0,1,0,1,0,0,0,0,0,1,0,1,1,1,1,0,0,1,1,0,1,1,0,0,0,1,1,1,0,1,1,0,0,1,0,0,0,0,0,0,0,0,1,0,1,0,0,1,1,1,0,1,1,0,1,0,1,1,1,1,0,1,0,0,1,1,1,1,0,1,0,0,0,1,1,1,1,0,1,0,1,1,1,1,0,1,0,1,1,1,1,0,1,0,1,0,0,1,0,0,0,1,0,0,0,1,1,0,1,1,1,1,1,0,1,1,1,0,1,0,0,0,0,1,0,1,1,0,0,1,0,0,0,1,0,0,0,0,1,1,1,0,0,1,1,0
48,1,1,0,1,0,1,0,1,0,0,0,1,0,0,1,0,0,0,0,1,0,1,1,0,1,1,0,0,0,0,1,1,0,0,0,1,1,0,0,1,0,1,1,0,1,1,0,1,0,1,0,1,1,1,1,0,1,1,1,0,0,0,0,0,0,1,0,1,1,0,1,0,0,0,0,1,0,0,0,1,1,0,1,0,0,0,0,1,0,1,0,0,1,1,1,0,1,0,1,0,0,1,1,1,1,1,0,0,1,0,0,1,1,0,0,0,0,1,1,0,0,1,0,0,1,0,1,0,0,0,0,0,0,0,1,1,0,1,0,0,0,0,0,1,0,1,0,0,1,0
49,1,0,0,1,1,1,0,0,0,1,0,0,0,0,0,1,0,0,0,0,1,1,0,0,0,1,1,0,1,1,1,0,0,0,0,0,1,0,1,0,0,1,0,1,1,0,1,0,0,0,0,0,1,1,0,1,0,0,0,1,1,1,1,0,1,1,0,0,1,1,1,1,1,1,1,1,0,0,0,0,1,1,0,0,0,0,1,0,1,1,0,0,1,0,1,0,1,0,1,1,0,1,0,0,0,1,0,1,0,1,1,1,1,1,0,0,1,0,1,0,1,0,0,0,1,0,0,1,1,0,0,1,1,1,1,1,0,1,0,1,0,1,0,1,0,0,1,0,0,0
50,0,1,0,1,0,1,0,1,0,1,0,1,0,1,0,1,0,1,0,0,0,1,0,1,1,0,1,0,0,1,0,1,0,0,1,0,1,0,0,1,1,0,0,1,0,1,0,0,0,0,1,0,1,0,0,1,1,0,1,0,1,1,1,1,1,1,1,1,1,0,1,0,0,0,1,0,0,1,1,0,0,1,0,1,0,0,0,0,0,1,0,1,0,1,0,0,1,0,1,0,0,0,0,0,0,0,0,1,1,1,1,0,1,1,1,0,0,0,0,0,1,0,0,1,1,0,1,0,1,0,0,0,1,0,0,0,1,1,0,0,1,1,0,0,0,1,1,0,0,0
51,0,0,0,0,0,1,0,1,0,1,0,0,0,0,0,0,0,0,1,0,0,0,0,0,0,0,0,1,0,1,1,0,1,1,0,0,1,0,0,1,0,0,1,0,1,0,0,0,1,0,1,1,1,1,1,1,0,0,1,1,0,1,1,0,0,1,0,0,1,0,0,0,0,1,0,1,1,1,1,1,0,0,1,1,0,0,0,0,1,1,0,1,1,0,0,0,1,0,1,0,0,1,1,0,0,0,1,0,0,0,0,1,1,0,1,0,1,1,0,1,0,1,1,1,0,0,1,1,0,1,0,0,1,1,0,0,0,1,0,0,1,1,0,0,1,0,1,0,0,0
52,0,1,1,1,0,1,0,1,1,1,0,0,1,1,1,1,1,0,1,0,0,0,1,1,0,1,0,0,0,0,1,1,1,1,0,0,0,0,0,0,0,1,1,1,1,1,0,1,1,1,1,1,0,0,0,1,1,0,0,1,1,1,0,1,1,1,0,1,0,1,0,1,0,0,0,0,0,1,0,1,0,0,0,0,0,1,0,0,0,1,1,1,1,0,0,0,1,0,0,1,0,1,0,0,0,0,0,1,1,1,0,0,1,0,1,0,0,0,1,0,1,1,1,0,0,0,0,0,1,1,0,1,1,0,0,0,0,1,0,0,0,0,0,0,1,0,1,0,0,0
53,1,1,1,1,1,1,0,0,0,1,0,1,0,1,1,1,1,0,1,1,0,0,0,1,0,1,0,1,0,0,0,0,1,1,0,1,0,0,1,0,0,0,0,1,0,1,0,1,1,0,0,0,0,0,1,1,0,1,1,0,0,1,1,0,0,1,0,0,1,0,0,1,0,0,1,0,0,1,1,0,0,0,0,1,1,1,1,1,0,1,1,0,1,1,1,0,0,0,1,1,0,1,0,0,1,0,0,0,0,0,1,1,1,0,0,0,1,0,0,1,0,0,1,1,0,0,1,1,1,0,0,1,1,0,0,0,0,0,0,0,0,1,0,0,0,1,1,0,1,0
54,0,1,0,1,1,1,0,0,0,0,0,0,1,0,1,0,0,0,1,0,0,1,0,1,0,0,0,0,0,1,1,0,0,1,1,1,0,0,0,1,0,1,1,1,1,1,1,1,1,0,1,0,1,1,0,1,1,0,1,0,0,1,1,0,0,1,0,1,0,0,0,1,0,0,1,0,0,1,0,0,1,0,0,0,1,0,0,0,0,1,0,1,1,1,1,0,0,0,1,0,0,0,0,0,0,0,0,0,0,1,0,1,1,0,0,1,0,0,1,1,0,0,1,1,1,0,0,1,1,0,0,1,0,0,0,0,0,1,0,1,1,0,1,0,0,1,0,0,1,0
55,1,0,1,1,0,1,0,1,1,1,0,1,0,0,1,1,0,1,0,0,0,0,0,1,1,0,1,1,0,1,1,1,0,1,0,1,0,0,0,0,0,1,0,1,1,1,0,1,1,0,0,0,1,1,0,1,0,0,0,1,0,0,1,0,0,0,0,0,0,0,1,0,0,0,0,1,0,0,1,0,1,0,0,0,0,0,1,0,1,0,0,0,1,0,1,0,0,0,0,1,1,0,0,0,0,1,1,0,1,0,1,0,0,0,0,1,1,0,0,0,0,1,0,0,0,0,0,1,1,0,0,0,0,0,1,0,0,1,0,0,0,1,1,0,1,0,1,1,0,0
56,1,1,0,1,1,0,0,1,0,1,1,1,0,0,0,1,1,0,1,1,0,0,1,0,0,0,0,1,0,1,0,0,1,0,1,1,1,0,0,1,0,1,1,0,1,1,0,1,1,0,1,1,1,0,0,1,1,0,1,0,0,1,1,0,1,1,0,1,0,1,1,1,1,0,0,1,1,1,1,1,0,0,1,1,0,1,0,0,1,1,0,1,0,0,0,0,1,0,1,0,1,1,0,0,0,0,0,0,1,1,0,1,1,0,0,0,1,0,0,0,0,1,0,0,1,1,0,0,1,1,0,0,0,1,1,1,0,0,0,0,0,1,0,1,0,0,0,0,0,0
57,0,1,0,1,0,1,1,0,1,1,0,1,1,1,0,0,1,1,0,1,0,1,1,1,0,1,0,1,0,1,0,0,0,1,0,0,0,0,0,0,1,1,1,1,1,0,0,1,0,1,1,0,0,0,1,1,1,1,0,0,0,1,0,0,0,1,1,1,1,0,0,1,0,1,1,0,0,1,1,1,0,0,1,0,1,0,0,0,0,0,0,0,1,1,1,1,0,0,1,1,0,0,0,0,0,0,0,1,1,1,0,1,1,1,0,0,0,0,0,0,0,0,0,1,0,0,0,1,0,0,0,1,1,0,1,0,1,0,0,1,0,1,0,1,0,0,0,1,1,0
58,0,1,0,1,0,1,0,1,1,0,0,1,0,0,1,0,0,0,1,0,1,0,0,1,0,0,1,1,1,1,1,0,0,0,1,1,0,0,0,1,0,0,0,1,1,0,1,1,1,0,1,1,1,1,0,0,0,0,1,1,0,0,0,0,1,1,0,1,1,1,0,0,0,0,0,1,0,0,0,0,0,0,1,0,0,0,0,0,1,0,1,1,0,1,0,1,1,0,1,0,0,0,0,1,0,1,0,1,0,0,1,0,1,0,0,0,1,0,0,1,1,0,1,0,0,1,1,1,1,0,0,1,0,1,0,1,0,1,0,0,0,1,0,1,1,1,0,0,0,0
59,0,1,1,0,0,1,0,1,0,0,0,1,0,1,0,0,1,1,1,1,0,1,1,1,1,0,0,1,1,1,1,0,1,1,1,1,1,1,0,0,1,1,0,1,1,0,0,0,1,0,0,0,1,1,0,1,0,1,0,0,1,0,1,0,1,0,0,1,0,1,0,0,0,1,1,1,0,0,0,0,0,0,0,1,0,1,0,1,0,1,0,1,1,1,0,0,0,0,1,1,0,0,0,0,1,0,0,1,1,1,0,0,0,0,1,1,1,0,0,0,0,1,0,0,1,0,1,0,0,0,0,1,0,0,1,1,0,0,0,0,0,1,0,1,1,0,0,0,1,0
60,0,1,1,0,0,1,0,1,0,1,0,0,0,1,0,0,1,1,1,1,0,0,1,1,1,1,0,1,1,1,1,0,1,1,1,1,0,0,0,0,1,1,1,1,1,1,1,1,1,0,1,0,1,0,1,1,0,1,1,1,1,1,1,0,0,0,0,0,0,1,0,1,0,0,0,0,1,1,1,1,0,0,0,0,0,0,0,0,0,0,1,1,0,1,0,1,0,1,1,0,0,1,0,0,0,0,1,0,0,0,1,0,1,0,0,0,1,0,1,0,0,1,1,1,1,0,0,1,1,0,0,1,0,0,0,1,0,1,1,0,1,1,0,0,1,1,0,0,1,0
61,0,1,0,0,1,1,0,0,0,0,0,1,0,1,1,0,0,0,1,0,0,1,1,0,1,0,1,0,1,1,0,0,1,1,1,0,1,0,0,0,0,0,1,0,1,1,0,1,0,1,0,1,0,0,0,0,0,1,0,0,0,0,1,0,1,1,0,0,0,0,1,0,0,0,0,0,0,1,0,1,0,1,1,0,0,0,0,0,1,0,1,0,0,0,1,1,1,0,0,0,0,1,0,1,0,0,1,0,1,1,1,1,0,1,1,0,0,0,1,0,0,1,1,0,0,0,1,0,0,1,0,1,1,0,1,0,1,0,0,1,0,0,1,0,1,0,0,0,1,1
62,0,1,1,0,0,1,0,0,0,0,0,0,0,1,0,0,1,1,0,1,0,1,0,1,0,1,1,1,0,0,0,0,1,1,1,0,0,0,1,0,1,1,1,1,1,1,0,1,0,0,0,0,1,0,1,1,0,0,1,1,0,1,1,0,1,1,1,1,1,1,0,1,1,0,0,0,1,1,0,1,0,1,0,0,0,0,0,0,0,0,0,0,0,0,0,1,1,1,1,0,1,0,0,0,0,1,1,1,0,1,0,1,0,1,1,0,1,0,0,1,0,0,1,1,1,0,0,0,0,0,0,1,1,1,0,0,0,0,0,0,0,1,0,0,0,1,1,0,0,0
63,1,0,1,1,0,1,0,1,0,1,0,1,0,0,0,1,0,0,1,1,0,1,1,0,0,1,0,1,0,0,0,0,1,0,1,0,0,0,0,1,0,1,0,0,0,1,0,0,0,1,1,1,1,0,0,0,1,0,1,0,0,0,1,0,0,1,0,0,1,0,0,1,0,0,0,0,0,1,0,0,0,1,1,1,0,1,0,0,0,0,0,0,0,0,0,1,1,0,1,0,1,1,1,0,0,0,0,1,0,1,1,1,1,0,1,0,1,0,1,1,0,1,0,0,0,0,0,1,0,1,1,0,0,1,0,1,0,0,0,0,0,1,1,1,0,0,1,0,0,0
64,0,1,1,1,0,1,0,1,0,1,0,0,0,0,0,0,0,1,1,0,1,1,0,1,1,1,1,0,0,0,0,0,1,1,1,1,1,1,0,0,0,1,1,0,1,1,0,1,0,0,1,1,1,0,1,1,1,0,0,0,0,1,0,1,1,1,0,0,0,0,0,1,0,0,1,0,0,1,1,0,1,0,1,0,0,0,0,1,0,0,0,1,1,0,1,0,0,1,1,0,0,0,0,1,0,0,0,1,0,1,0,1,1,0,1,0,0,0,0,0,0,1,0,0,1,0,0,1,1,0,0,0,1,1,0,1,0,0,1,1,0,0,1,1,0,0,0,0,1,0
65,1,1,0,1,0,0,0,0,1,0,0,0,0,0,1,0,0,1,1,0,0,1,1,1,1,0,0,0,0,1,0,0,0,1,1,0,0,1,0,1,0,1,1,1,1,1,0,0,0,0,1,1,1,0,1,0,1,1,1,1,0,0,1,0,1,0,0,0,0,0,1,1,1,0,1,0,0,0,0,0,0,1,1,1,0,1,0,0,1,0,0,0,1,1,1,1,0,0,0,0,0,0,1,0,0,1,0,0,1,1,1,0,0,1,0,0,0,0,0,1,0,0,1,1,0,0,1,0,0,0,0,0,1,1,0,1,0,0,1,0,1,1,0,1,1,0,0,0,1,0
66,0,0,0,0,1,1,0,1,1,1,0,1,0,1,0,1,0,0,1,0,0,1,1,1,0,1,0,1,1,0,1,0,0,0,0,0,0,1,0,1,1,1,0,1,1,0,0,0,1,0,1,1,0,1,0,1,0,0,1,0,0,1,1,0,0,1,0,1,0,1,1,1,0,0,1,1,0,1,1,0,1,1,0,0,0,0,1,1,1,1,0,1,1,0,0,0,0,0,0,0,0,0,0,1,0,1,1,0,1,0,1,0,1,1,0,0,1,0,1,1,0,0,0,0,1,0,0,1,1,0,0,1,0,1,0,0,0,1,1,0,0,1,0,1,0,1,1,1,1,1
67,0,1,1,1,0,0,0,0,0,1,0,1,0,1,1,0,1,1,0,1,0,1,1,1,0,0,0,0,0,0,0,0,1,0,1,1,0,0,0,0,0,0,0,1,0,0,1,1,0,1,1,0,0,1,1,1,0,1,1,0,0,1,1,0,0,1,0,0,0,0,0,1,0,0,1,1,0,0,1,0,1,0,0,1,0,0,1,0,0,0,1,0,1,0,1,0,0,0,1,1,0,1,0,0,0,1,0,0,1,1,1,1,1,0,1,1,1,0,0,0,0,1,0,0,1,0,0,0,1,1,0,1,1,1,1,0,0,1,0,0,0,0,0,0,0,0,0,1,0,0
68,0,0,0,1,0,1,0,0,0,0,0,1,0,0,1,0,0,1,1,1,1,0,0,0,0,1,0,1,0,1,0,0,0,1,1,1,1,0,0,1,0,0,0,1,0,1,0,0,0,0,0,1,1,1,1,1,0,1,1,1,0,0,1,0,0,0,1,1,0,0,1,1,0,0,1,1,0,1,0,0,1,1,1,0,0,1,0,0,1,1,1,0,1,0,0,0,1,0,1,0,0,1,0,0,0,1,1,0,1,0,0,1,1,0,0,1,0,1,1,1,1,0,0,0,1,0,0,1,0,0,1,1,1,0,1,1,0,1,0,0,0,1,1,1,1,1,0,0,0,1
69,0,1,1,1,1,0,0,1,0,0,0,1,0,1,0,1,0,0,1,0,1,1,1,0,0,1,1,0,0,0,1,1,0,1,0,0,1,0,1,0,0,1,0,1,1,1,1,0,1,0,1,0,0,0,0,1,0,0,0,0,1,0,0,1,0,1,1,1,1,1,1,1,0,1,0,0,0,0,1,0,1,0,1,1,0,1,0,0,0,1,1,1,0,0,0,0,1,0,1,0,0,1,0,1,1,0,0,0,1,0,1,1,1,0,1,0,1,0,0,0,1,0,1,1,0,1,1,0,1,0,0,0,1,1,0,0,1,0,0,0,0,1,1,1,0,0,0,1,0,1
70,0,1,0,0,0,1,1,1,1,1,0,0,1,1,1,1,0,1,1,0,1,0,1,1,0,1,0,1,1,1,0,1,0,0,0,0,0,0,0,0,0,1,1,0,1,0,1,1,1,0,0,1,0,0,0,0,0,0,1,0,1,1,0,0,0,1,0,0,0,1,0,1,0,1,1,1,1,1,0,0,0,1,1,1,1,0,1,1,1,1,1,1,0,0,0,1,1,0,1,0,0,0,1,0,0,1,0,1,1,1,0,1,1,0,0,0,1,0,0,0,0,0,1,1,1,0,1,0,1,0,0,1,0,0,1,1,1,0,0,1,0,1,0,0,0,0,0,0,0,0
71,1,1,1,1,0,0,1,1,0,0,0,0,0,0,0,1,0,1,1,1,0,1,0,1,0,1,0,1,0,0,1,1,0,1,0,0,0,1,0,0,1,0,0,1,0,0,0,1,1,1,0,1,0,0,1,1,0,1,0,0,0,1,1,0,1,1,0,0,0,0,0,1,0,0,1,1,0,1,0,0,0,1,1,0,0,0,1,0,1,0,1,0,0,0,1,0,1,0,1,0,0,1,0,0,0,1,0,1,1,0,1,1,1,0,0,0,1,0,1,0,0,1,1,1,1,0,0,1,1,0,1,1,1,1,1,1,0,1,0,0,0,1,0,1,0,0,0,0,1,1
72,0,0,0,1,1,1,0,1,0,1,0,0,0,0,0,0,0,1,1,0,0,0,1,0,1,1,0,0,1,1,0,1,0,1,0,0,0,1,1,1,0,1,1,1,1,0,0,0,0,0,0,0,0,0,0,1,0,1,1,1,0,1,0,0,1,0,1,0,1,1,1,0,0,1,0,0,1,1,1,0,0,0,0,0,0,0,1,1,1,1,1,1,1,0,1,0,1,1,1,0,0,0,1,1,0,0,1,1,1,1,0,1,1,0,0,1,0,0,1,0,0,0,0,0,0,0,0,0,1,0,1,1,1,1,1,1,1,0,0,0,1,0,1,0,1,1,1,0,1,1
73,0,1,0,1,0,1,0,1,1,1,1,1,1,0,0,0,1,1,0,0,1,0,1,0,1,1,0,1,1,0,0,1,1,1,1,1,1,0,0,1,1,1,1,1,1,0,0,1,0,0,0,0,0,0,1,0,1,1,1,0,0,1,1,0,1,0,1,0,0,0,1,1,0,0,0,1,0,0,0,0,0,0,1,1,0,1,1,1,0,1,0,1,1,0,1,0,1,0,1,0,1,0,0,1,0,0,0,1,0,1,1,1,1,0,0,0,1,0,0,0,0,0,0,0,1,0,1,0,0,0,0,1,1,1,1,1,1,0,0,1,0,0,1,1,0,1,0,1,0,1
74,1,1,0,1,0,1,0,0,0,1,0,0,0,0,1,1,0,0,1,0,0,1,1,1,0,0,1,1,0,1,0,1,1,0,0,0,1,0,1,0,0,1,1,0,0,1,0,0,1,0,0,0,0,0,0,0,0,0,1,0,0,1,0,0,1,1,0,0,0,0,0,1,0,1,0,1,0,0,0,0,0,1,0,1,0,1,0,0,0,0,1,0,1,0,0,1,1,1,1,1,0,1,0,0,0,1,0,0,0,0,1,0,1,1,0,1,1,0,1,1,0,1,0,0,1,1,1,0,0,0,0,1,1,1,0,1,1,1,1,1,0,1,0,1,1,1,1,0,0,0
75,0,0,1,0,0,0,0,0,0,0,0,1,0,0,0,1,1,1,1,0,0,0,1,1,1,1,1,1,1,1,1,1,0,1,1,0,1,1,0,0,1,0,0,0,1,1,1,1,0,0,0,1,0,0,1,0,0,1,1,0,0,0,1,0,0,0,0,1,0,0,1,0,0,0,1,0,0,0,1,1,0,1,0,0,0,1,1,1,1,0,1,0,1,0,0,1,1,1,1,0,0,1,1,0,0,0,0,1,1,0,0,1,1,0,1,0,0,1,1,1,0,0,0,1,1,1,1,0,1,1,0,1,1,1,1,1,0,0,1,1,0,1,0,1,0,0,0,1,1,1
76,0,1,1,1,1,1,0,1,0,1,0,0,0,0,1,0,0,1,0,0,1,0,1,0,1,1,1,0,0,1,1,0,0,0,1,0,1,0,0,0,1,0,1,0,1,1,1,1,0,0,1,1,1,0,1,1,0,1,0,1,0,1,1,0,0,0,0,0,0,1,0,1,0,1,1,0,0,1,0,0,1,1,1,1,1,0,0,0,1,0,1,1,1,1,0,1,1,0,0,0,1,1,0,1,0,1,0,1,0,0,1,1,1,0,1,0,0,0,0,0,1,0,0,0,1,0,1,0,0,0,0,0,0,1,1,1,0,0,0,0,0,1,0,1,0,1,0,1,0,0
77,1,0,0,0,0,1,0,1,1,0,1,1,0,0,0,1,0,0,1,1,1,0,1,1,0,1,0,0,1,1,1,1,0,0,0,1,1,0,0,1,1,1,0,0,1,0,0,0,0,0,0,0,1,0,1,0,1,1,0,0,1,0,0,0,0,0,0,1,1,0,1,0,0,0,1,1,0,0,0,1,0,1,0,1,0,1,1,0,0,0,0,1,1,0,1,0,0,0,1,0,0,1,0,0,0,1,0,1,1,1,0,1,0,1,0,1,1,0,1,0,0,0,1,1,0,0,1,1,1,0,0,0,0,0,0,1,0,0,0,0,0,0,1,1,0,1,1,1,1,0
78,0,0,0,0,0,1,0,1,0,0,0,0,0,0,0,1,0,1,1,0,0,1,1,1,0,1,1,1,1,0,1,1,0,1,1,0,0,0,0,1,1,1,0,0,1,1,0,1,0,0,1,1,0,0,1,0,1,1,0,0,0,1,1,0,1,0,0,0,1,1,0,1,0,1,0,0,0,1,0,1,1,0,1,1,0,1,0,0,1,1,1,1,1,0,0,0,0,1,1,0,0,0,0,0,0,1,1,1,1,0,0,0,1,0,0,0,1,1,1,0,0,0,1,1,1,0,1,0,0,1,0,0,1,1,0,0,0,0,1,0,0,1,1,1,1,0,0,1,0,0
79,0,1,1,1,0,1,0,0,0,0,0,1,0,0,0,1,1,0,1,0,1,1,0,1,0,1,1,1,0,1,1,0,0,0,1,1,1,1,0,0,1,1,0,1,0,1,0,1,0,0,0,1,1,0,1,1,1,0,0,0,1,1,1,0,0,0,0,0,1,0,0,1,0,0,0,1,0,1,1,0,0,0,1,1,0,1,1,0,1,0,0,0,1,0,0,0,1,0,0,1,0,1,0,1,0,0,1,1,1,1,0,1,1,0,0,0,1,1,1,0,0,0,1,0,1,1,0,1,1,0,0,0,0,1,1,1,0,1,0,0,0,1,1,0,1,0,1,0,1,1
80,0,1,1,0,0,1,1,0,0,1,1,1,0,1,0,1,1,0,1,1,0,1,0,1,1,0,1,1,0,0,0,1,1,0,1,0,0,0,0,0,1,1,0,1,1,1,0,1,1,0,1,1,0,0,1,0,1,1,0,1,0,1,1,0,1,0,0,0,1,1,0,0,1,1,0,0,0,1,0,1,0,0,0,0,0,0,0,1,0,0,1,0,1,1,0,0,1,0,0,0,1,1,0,0,0,1,1,1,1,1,0,0,0,1,1,0,0,0,0,1,1,1,1,1,1,0,1,0,1,1,0,1,1,1,0,1,0,1,0,1,1,0,0,0,0,0,0,0,1,0
81,0,1,0,0,1,1,0,0,0,1,1,1,1,0,0,0,1,1,1,0,0,1,1,1,1,1,0,1,1,0,1,0,0,1,1,0,1,1,1,0,1,1,0,1,1,1,0,1,0,1,1,0,0,0,0,0,0,0,0,0,1,1,1,0,0,1,1,1,1,1,0,1,0,0,0,0,0,0,1,0,1,1,1,0,1,0,0,0,0,0,0,0,1,0,0,0,1,0,1,0,0,0,0,1,0,1,0,1,0,0,0,1,1,0,0,0,0,0,1,1,0,0,1,0,1,1,0,1,1,0,1,1,1,0,0,1,1,1,0,1,0,0,0,1,0,0,1,0,1,1
82,0,1,0,1,1,0,1,1,0,0,1,1,0,1,1,0,0,0,1,1,1,0,1,1,0,1,0,0,0,1,1,0,1,1,0,1,1,0,0,1,1,1,0,0,0,1,0,1,0,0,1,0,1,1,1,1,0,0,0,0,0,1,1,0,0,1,0,0,1,1,0,1,0,1,0,0,1,1,0,1,0,1,1,0,0,1,0,1,1,0,0,0,1,1,1,0,0,0,1,1,0,0,0,0,0,0,1,1,1,0,0,1,0,1,0,0,1,0,0,1,1,0,0,0,0,0,0,1,0,0,0,1,1,0,0,0,0,0,0,1,0,1,0,0,0,0,0,0,1,0
83,0,1,1,0,0,1,1,0,0,1,0,1,1,1,1,1,0,0,1,0,1,1,0,1,1,1,0,1,0,0,0,1,0,0,0,0,0,0,1,0,1,1,0,1,0,0,1,0,0,0,0,0,0,1,1,1,0,1,1,0,1,0,1,0,1,1,0,1,1,0,0,0,0,1,1,1,1,1,1,0,1,0,0,0,0,1,0,1,0,1,0,0,1,1,0,0,0,0,1,0,0,1,0,0,0,0,0,0,1,0,0,1,1,0,1,1,0,1,1,0,1,1,1,0,1,1,0,0,0,0,0,1,1,1,0,0,0,0,1,1,0,1,1,1,1,0,1,1,0,1
84,0,0,0,1,0,1,0,1,0,1,0,1,0,0,1,0,0,1,0,0,0,0,1,1,0,1,0,0,1,1,0,1,0,0,0,1,1,0,0,1,0,0,0,0,1,0,1,0,1,0,1,0,0,0,1,1,0,0,0,1,1,1,0,0,1,0,0,0,0,0,1,1,1,1,1,0,0,0,1,0,1,0,1,0,0,0,0,0,0,1,0,0,1,0,1,0,0,0,1,0,0,1,0,1,0,0,1,0,1,1,1,0,1,1,1,1,0,1,0,0,0,0,0,0,1,1,0,0,1,0,1,0,1,0,0,1,1,1,1,0,0,1,1,1,0,1,1,0,0,1
85,0,0,1,0,0,1,0,1,0,1,0,0,0,0,0,1,0,1,1,0,0,0,1,1,0,1,0,1,0,0,1,0,0,1,1,1,1,0,0,1,1,0,1,1,0,1,0,0,0,1,0,0,1,0,0,0,0,1,1,1,0,0,1,0,0,1,0,0,1,0,0,1,0,1,0,0,0,1,0,0,1,0,0,0,1,0,1,0,0,1,0,1,0,1,0,1,1,0,1,0,1,0,1,0,0,1,1,0,0,0,1,1,0,1,0,0,0,1,0,0,1,1,1,0,1,0,0,0,1,0,1,1,1,0,1,1,0,1,1,0,0,0,0,1,1,1,1,0,0,0
86,0,1,0,1,1,1,0,1,0,1,0,0,0,1,0,0,0,1,1,1,0,1,0,1,0,0,1,1,0,1,1,1,1,0,0,0,0,0,1,1,1,1,0,0,1,0,1,1,1,1,1,0,0,0,1,1,1,0,1,0,1,0,0,0,1,0,0,1,1,0,0,1,0,0,0,0,1,0,1,0,1,1,1,1,1,1,0,0,0,0,1,1,1,1,0,1,1,1,0,0,1,1,1,0,0,0,0,0,1,0,1,1,1,1,1,0,1,1,0,0,0,1,1,0,0,0,1,0,1,1,0,0,1,1,0,1,1,1,1,1,1,1,1,1,0,1,0,0,0,0
87,0,0,1,1,0,1,0,1,0,0,0,0,1,1,1,0,0,0,1,1,0,1,1,0,1,0,0,0,1,1,0,0,0,0,0,0,0,0,1,0,1,1,0,0,1,1,1,1,1,0,1,1,0,1,1,1,0,0,1,1,1,1,1,0,1,0,0,0,0,1,1,1,0,1,0,1,0,1,1,0,1,0,0,0,0,0,1,1,0,1,1,0,0,0,0,1,0,0,0,1,0,1,0,0,0,1,0,1,1,1,1,1,1,0,0,0,0,1,1,1,0,0,0,0,0,1,1,0,1,1,0,1,1,0,1,0,1,0,1,0,0,1,1,1,0,0,0,1,1,0
88,0,1,0,0,1,1,1,0,0,1,1,1,0,1,0,1,1,1,1,0,1,0,0,1,0,0,0,0,1,1,1,0,0,0,1,0,0,0,0,1,0,0,0,0,1,1,0,1,0,1,0,1,1,0,1,1,0,1,1,0,1,0,1,1,0,0,1,0,0,1,0,0,0,0,1,0,0,1,1,0,0,0,0,1,1,1,1,1,0,1,1,0,1,0,0,1,1,1,1,1,0,1,0,0,0,1,0,1,0,0,0,1,1,1,1,0,1,0,0,0,0,1,1,0,0,0,1,0,1,0,0,1,1,1,0,0,0,1,0,1,0,1,1,1,1,1,0,0,0,1
89,1,1,0,1,0,1,0,1,0,0,0,0,0,0,0,0,0,0,0,0,0,1,1,1,0,1,0,1,0,1,0,1,0,0,1,0,1,1,0,0,0,1,1,1,1,0,1,1,0,0,0,1,0,0,0,1,0,0,1,1,0,1,0,0,1,1,0,0,1,0,0,1,1,1,0,0,1,1,1,1,0,0,0,0,0,1,0,1,1,0,0,0,1,1,0,0,0,0,1,1,0,1,0,1,0,0,1,1,0,1,0,1,0,1,0,0,1,0,1,1,1,0,0,0,0,0,0,1,0,0,0,1,1,1,0,0,0,1,0,0,0,0,1,1,0,1,0,0,0,0
90,0,0,1,1,0,1,0,1,0,1,0,1,0,0,1,0,0,0,0,1,0,1,0,1,1,1,1,0,0,0,1,1,1,1,1,1,1,1,1,0,0,0,1,0,0,0,0,1,0,0,0,1,1,0,0,1,1,0,0,0,1,0,1,0,0,0,0,1,1,1,0,1,1,0,0,1,0,1,1,0,0,1,1,0,1,0,0,1,1,1,0,1,1,0,0,1,1,0,0,0,0,1,1,0,1,0,1,1,1,1,0,1,1,1,0,1,0,0,0,1,1,0,0,1,1,0,1,1,1,0,0,1,1,1,0,1,1,0,1,1,0,1,0,1,0,1,0,0,0,1
91,0,0,0,1,0,1,0,1,0,0,0,0,0,0,0,0,0,0,0,1,1,1,0,0,1,1,0,0,0,0,0,0,1,1,1,0,1,0,0,1,1,1,0,1,1,1,0,1,0,0,1,1,1,1,1,1,1,1,0,0,1,0,0,0,1,1,0,1,1,0,0,1,0,0,1,1,0,0,0,0,1,0,1,1,0,1,1,0,0,0,0,1,1,0,0,0,0,0,1,0,0,0,0,0,0,0,1,0,0,1,0,0,0,0,1,0,0,0,1,1,0,0,1,0,1,0,0,0,1,0,0,1,1,0,1,1,0,1,1,0,1,0,1,1,0,0,0,0,0,0
92,1,0,0,0,0,1,0,1,0,1,0,1,1,1,0,1,0,0,1,1,0,0,1,0,0,0,1,0,1,0,0,0,0,1,0,1,1,0,0,0,1,1,0,1,0,1,1,0,1,1,1,1,1,0,0,0,1,1,1,0,1,1,1,0,1,1,1,0,1,0,1,1,0,0,1,0,1,1,0,1,1,1,1,1,0,1,0,0,0,1,1,0,0,1,0,1,1,0,1,0,0,1,0,0,0,1,1,0,1,1,1,1,1,0,1,0,0,0,1,1,0,0,0,0,1,0,1,1,1,0,1,1,1,0,1,1,0,0,1,1,0,0,1,0,1,1,0,1,0,1
93,0,1,1,1,0,0,0,0,0,0,0,0,0,0,0,0,0,0,1,1,0,0,1,0,0,0,0,0,1,0,1,0,0,1,1,0,1,1,0,0,1,1,1,1,1,0,0,1,0,0,1,0,1,0,0,1,0,0,1,0,1,1,0,0,0,1,0,0,1,0,1,1,0,0,0,0,0,1,1,0,0,1,1,1,0,0,1,1,0,0,0,0,1,0,0,0,1,0,0,0,0,0,0,0,0,1,0,0,1,1,0,1,1,0,0,0,1,1,0,0,0,0,0,0,0,0,1,1,1,0,0,1,0,0,1,1,0,0,0,1,1,1,0,1,0,0,0,1,0,1
94,0,1,1,0,0,0,0,0,0,1,0,1,0,1,1,1,0,1,1,1,0,1,1,1,0,1,0,0,0,1,0,1,0,1,1,0,0,0,1,0,1,1,0,1,1,0,0,1,0,1,1,0,0,0,1,0,1,0,1,0,0,1,1,1,1,0,1,0,1,0,0,1,1,0,0,0,0,0,0,1,0,0,0,0,0,0,0,0,0,1,0,1,1,1,0,0,1,0,0,0,1,1,0,0,0,0,0,0,0,1,0,1,0,1,0,0,0,1,0,0,1,0,1,1,1,0,1,0,1,0,1,0,0,1,0,1,1,0,0,0,0,0,0,1,0,1,0,0,1,1
95,0,0,0,0,1,0,0,0,0,1,0,0,1,0,0,1,0,0,0,0,0,0,1,1,0,1,0,0,1,0,1,0,0,0,1,1,0,0,0,0,1,0,0,0,1,1,0,1,0,1,1,1,0,0,0,1,0,0,1,1,0,1,1,0,1,0,0,1,1,0,0,1,0,1,0,1,0,1,0,0,1,1,0,1,0,0,1,0,0,1,1,1,1,0,0,0,1,0,0,0,0,0,1,0,0,0,0,0,1,0,1,0,1,1,0,0,1,0,1,0,0,0,0,0,1,0,1,0,1,0,1,1,0,1,1,1,0,0,0,1,1,0,0,1,0,0,0,0,1,0
96,0,0,1,1,0,0,1,1,0,1,1,0,1,0,1,1,0,1,0,0,1,0,1,0,1,1,0,0,1,1,1,0,0,1,0,1,0,0,0,1,1,0,1,1,1,0,1,0,0,0,1,1,1,0,0,0,1,0,1,1,0,0,0,0,1,0,0,1,1,1,0,1,0,1,0,0,1,1,1,0,1,1,1,0,0,0,0,0,0,0,0,0,0,0,0,1,1,0,1,0,0,1,1,1,0,0,0,1,0,1,0,1,1,0,0,0,1,0,0,1,0,0,1,1,0,0,0,0,1,0,1,0,1,1,0,0,0,1,0,0,0,1,0,1,1,0,1,0,1,0
97,0,0,0,0,0,1,0,0,0,1,0,0,0,0,0,1,0,1,0,0,0,0,1,0,0,0,0,1,1,1,0,1,0,0,0,1,1,0,0,1,0,1,1,1,0,1,0,1,1,0,1,0,0,1,1,1,1,1,0,1,1,0,1,0,0,1,0,1,0,1,1,0,0,1,0,1,0,1,0,0,1,1,1,0,0,0,1,1,0,1,0,0,1,1,0,0,1,0,0,0,0,1,0,0,0,1,0,0,1,0,0,1,0,0,1,0,1,1,1,0,1,0,1,0,1,0,1,1,1,1,0,1,0,0,0,0,0,1,1,1,1,1,0,1,0,1,0,1,0,1
98,0,0,0,1,0,1,1,1,0,1,0,1,0,0,0,0,0,0,0,1,1,0,0,0,0,0,0,1,0,0,1,1,0,0,1,0,1,0,0,0,0,1,1,1,1,0,0,0,1,1,1,1,0,0,1,0,0,1,1,1,0,1,1,0,1,0,0,1,1,0,1,1,1,0,1,1,0,1,1,0,1,0,1,1,0,0,0,1,0,1,0,1,1,1,0,0,0,0,0,0,1,1,0,1,1,1,0,1,1,1,0,1,0,1,0,0,1,0,0,1,0,0,1,0,1,0,1,1,1,0,0,0,1,0,1,1,1,0,0,0,0,0,0,0,0,0,0,0,0,1
99,0,1,1,1,0,0,0,0,0,0,0,0,0,0,1,0,1,0,0,0,0,0,1,0,0,1,1,0,0,0,0,0,0,1,0,1,1,0,1,1,0,1,1,1,1,1,0,0,1,0,1,1,0,0,0,1,0,1,1,0,1,1,0,1,0,1,0,0,1,0,0,1,0,1,0,1,0,1,0,0,0,0,1,0,0,0,1,0,1,1,0,1,1,0,1,0,0,1,0,0,0,1,1,0,0,0,0,1,1,1,1,0,1,0,0,0,1,0,1,1,1,1,1,1,1,1,0,1,1,0,0,0,1,1,0,0,0,1,0,0,0,1,0,1,0,0,0,0,0,1
100,1,1,1,0,0,1,0,1,0,0,0,0,0,0,0,1,1,0,0,1,1,1,0,0,0,0,1,0,0,0,0,0,1,0,0,0,1,0,0,0,1,1,1,1,1,0,1,1,1,1,1,1,0,0,0,0,1,1,1,0,0,1,1,0,0,0,1,1,1,0,1,1,0,1,1,0,0,0,1,0,1,0,1,1,1,1,0,1,0,0,0,0,1,0,0,0,0,0,0,0,0,0,1,1,1,0,0,1,1,0,0,1,1,0,0,0,1,1,1,0,0,1,1,0,1,0,1,1,1,0,0,0,1,1,1,1,0,1,0,1,0,1,1,0,0,1,1,0,0,0
101,0,0,0,1,0,0,1,1,0,0,0,1,0,0,0,0,1,1,0,0,0,0,1,1,0,1,1,0,0,0,0,0,1,1,0,0,1,0,1,1,1,1,0,1,1,1,0,1,1,1,0,0,0,1,1,0,0,1,0,0,1,0,0,0,0,0,0,1,1,1,0,1,1,0,0,1,0,1,1,0,0,1,1,0,0,1,0,0,0,1,0,1,0,0,1,1,1,0,0,1,0,0,0,0,0,0,0,1,0,0,1,0,1,1,0,0,1,0,1,0,0,0,0,1,0,0,0,0,0,0,1,1,1,1,1,1,1,0,1,0,0,1,1,1,0,0,0,0,0,0
