{
  "id": "3724642",
  "name": "软工",
  "font_family": "iconfont",
  "css_prefix_text": "icon-",
  "description": "",
  "glyphs": [
    {
      "icon_id": "996182",
      "name": "view2",
      "font_class": "view2",
      "unicode": "e60f",
      "unicode_decimal": 58895
    },
    {
      "icon_id": "12011693",
      "name": "comments",
      "font_class": "comments",
      "unicode": "e7b2",
      "unicode_decimal": 59314
    },
    {
      "icon_id": "13041262",
      "name": "view",
      "font_class": "view",
      "unicode": "e602",
      "unicode_decimal": 58882
    },
    {
      "icon_id": "13041297",
      "name": "time",
      "font_class": "time",
      "unicode": "e603",
      "unicode_decimal": 58883
    },
    {
      "icon_id": "19899597",
      "name": "thumb-up",
      "font_class": "thumb-up",
      "unicode": "e6ad",
      "unicode_decimal": 59053
    }
  ]
}
